001_azumimuta,AZUMI MUTA,安積 夢大,f,1
002_abehajime,ABE HAJIME,阿部 創,f,1
003_araiharuki,ARAI HARUKI,新井 遥紀,f,1
004_iinumaanthonny,IINUMA ANTHONNY,飯沼 アントニー,f,1
005_iiyoshirui,IIYOSHI RUI,飯吉 流生,f,1
006_ikezakirihito,IKEZAKI RIHITO,池﨑 理人,f,1
007_ikedayuri,IKEDA YURI,池田 悠里,f,1
008_ikemotokatsuhisa,IKEMOTO KATSUHISA,池本 勝久,f,1
009_izutsuyuta,IZUTSU YUTA,井筒 裕太,f,1
010_iwatakazuma,IWATA KAZUMA,岩田 和真,f,1
011_vasayeghhikaru,VASAYEGH HIKARU,ヴァサイェガ 光,f,1
012_uedamasato,UEDA MASATO,上田 将人,f,1
013_ueharatakahiro,UEHARA TAKAHIRO,上原 貴博,f,1
014_uchidamasaki,UCHIDA MASAKI,内田 正紀,f,1
015_edamotoraia,EDAMOTO RAIA,枝元 雷亜,f,1
016_okubonaru,OKUBO NARU,大久保 波留,f,1
017_otashunsei,OTA SHUNSEI,太田 駿静,f,1
018_owadaayumu,OWADA AYUMU,大和田 歩夢,f,1
019_okadareo,OKADA REO,岡田 玲旺,f,1
020_okamotoren,OKAMOTO REN,岡本 怜,f,1
021_ozakitakumi,OZAKI TAKUMI,尾崎 匠海,f,1
022_orihararintaro,ORIHARA RINTARO,折原 凛太郎,f,1
023_kajitahiroki,KAJITA HIROKI,梶田 拓希,f,1
024_katodaichi,KATO DAICHI,加藤 大地,f,1
025_kawamurakaito,KAWAMURA KAITO,川村 海斗,f,1
026_kitayamaryoma,KITAYAMA RYOMA,北山 龍磨,f,1
027_kimuramasaya,KIMURA MASAYA,木村 柾哉,f,1
028_kuritakohei,KURITA KOHEI,栗田 航兵,f,1
029_koikesyunji,KOIKE SYUNJI,小池 俊司,f,1
030_kokubushogo,KOKUBU SHOGO,国分 翔悟,f,1
031_kojimaniji,KOJIMA NIJI,古島 虹,f,1
032_kosenaoki,KOSE NAOKI,古瀬 直輝,f,1
033_kodamaryusuke,KODAMA RYUSUKE,児玉 龍亮,f,1
034_gototakeru,GOTO TAKERU,後藤 威尊,f,1
035_kobayashidaigo,KOBAYASHI DAIGO,小林 大悟,f,1
036_koborishu,KOBORI SHU,小堀 柊,f,1
037_sakaiyuuto,SAKAI YUUTO,酒井 優人,f,1
038_sakamotokouki,SAKAMOTO KOUKI,阪本 航紀,f,1
039_sakumatsukasa,SAKUMA TSUKASA,佐久間 司紗,f,1
040_sasaokahideaki,SASAOKA HIDEAKI,笹岡 秀旭,f,1
041_satoraito,SATO RAITO,佐藤 頼輝,f,1
042_sanoyudai,SANO YUDAI,佐野 雄大,f,1
043_shinogayaayumu,SHINOGAYA AYUMU,篠ヶ谷 歩夢,f,1
044_shinoharamizuki,SHINOHARA MIZUKI,篠原 瑞希,f,1
045_shimajuliotaichiro,SHIMA JULIO TAICHIRO,島フリオ太一郎,f,1
046_shimizuyuto,SHIMIZU YUTO,清水 裕斗,f,1
047_xufengfan,XU FENGFAN,許 豊凡,f,1
048_takashosuke,TAKA SHOSUKE,髙 昇舗,f,1
049_takatsukahiromu,TAKATSUKA HIROMU,髙塚 大夢,f,1
050_takahashiwataru,TAKAHASHI WATARU,髙橋 航大,f,1
051_tagawayusuke,TAGAWA YUSUKE,田川 祐輔,f,1
052_tajimashogo,TAJIMA SHOGO,田島 将吾,f,1
053_tawadadaisuke,TAWADA DAISUKE,多和田 大祐,f,1
054_tsunematsunaoki,TSUNEMATSU NAOKI,恒松 尚輝,f,1
055_tsuboiharuto,TSUBOI HARUTO,坪井 悠斗,f,1
056_tsurufujiharuto,TSURUFUJI HARUTO,鶴藤 遥大,f,1
057_tekoeyusei,TEKOE YUSEI,テコエ 勇聖,f,1
058_teraokoshin,TERAO KOSHIN,寺尾 香信,f,1
059_dozonokaito,DOZONO KAITO,堂園 海翔,f,1
060_tomizawamisaki,TOMIZAWA MISAKI,冨澤 岬樹,f,1
061_naitourenya,NAITOU RENYA,内藤 廉哉,f,1
062_nakanokaiho,NAKANO KAIHO,中野 海帆,f,1
063_nakanotomohiro,NAKANO TOMOHIRO,中野 智博,f,1
064_nakamuratoma,NAKAMURA TOMA,仲村 冬馬,f,1
065_nishihiroto,NISHI HIROTO,西 洸人,f,1
066_nishijimarenta,NISHIJIMA RENTA,西島 蓮汰,f,1
067_nishiyamatomoki,NISHIYAMA TOMOKI,西山 知輝,f,1
068_nishiyamatomoki,NISHIYAMA TOMOKI,西山 智樹,f,1
069_nojishogo,NOJI SHOGO,野地 章吾,f,1
070_hashimotohitoru,HASHIMOTO HITORU,橋本 瞳瑠,f,1
071_hattoriibuki,HATTORI IBUKI,服部 息吹,f,1
072_hiramotoken,HIRAMOTO KEN,平本 健,f,1
073_fukushimareiji,FUKUSHIMA REIJI,福島 零士,f,1
074_fukudaayuta,FUKUDA AYUTA,福田 歩汰,f,1
075_fukudashoya,FUKUDA SHOYA,福田 翔也,f,1
076_fujitomoki,FUJI TOMOKI,藤 智樹,f,1
077_fujisawahibiki,FUJISAWA HIBIKI,藤沢 響己,f,1
078_fujiharatakumi,FUJIHARA TAKUMI,藤原 拓海,f,1
079_fujimakikyosuke,FUJIMAKI KYOSUKE,藤牧 京介,f,1
080_fujimotosera,FUJIMOTO SERA,藤本 世羅,f,1
081_furueyuto,FURUE YUTO,古江 侑豊,f,1
082_horisota,HORI SOTA,堀 蒼太,f,1
083_hondahiromu,HONDA HIROMU,本多 大夢,f,1
084_matsudajin,MATSUDA JIN,松田 迅,f,1
085_matsumotoakihira,MATSUMOTO AKIHIRA,松本 旭平,f,1
086_marubayashikenta,MARUBAYASHI KENTA,丸林 健太　,f,1
087_miurayuki,MIURA YUKI,三浦 由暉,f,1
088_misasagawatenki,MISASAGAWA TENKI,三佐々川 天輝,f,1
089_miyazakitowa,MIYAZAKI TOWA,宮崎 永遠,f,1
090_miyashitanorihiko,MIYASHITA NORIHIKO,宮下 紀彦,f,1
091_mukoyamasyogo,MUKOYAMA SYOGO,向山 翔悟,f,1
093_muramatsukenta,MURAMATSU KENTA,村松 健太,f,1
094_moriihiroaki,MORII HIROAKI,森井 洸陽,f,1
095_morisakidaisuke,MORISAKI DAISUKE,森崎 大祐,f,1
096_yasuerick,YASUE RICK,安江 律久,f,1
097_yamadahideki,YAMADA HIDEKI,山田 英樹,f,1
098_yamamotoharuki,YAMAMOTO HARUKI,山本 遥貴,f,1
099_yoshiineo,YOSHII NEO,吉井 寧皇,f,1
100_yoshidashoma,YOSHIDA SHOMA,吉田 翔馬,f,1
101_yotsuyashinsuke,YOTSUYA SHINSUKE,四谷 真佑,f,1
092_muratafuma,MURATA FUMA,村田 風雅,f,101
